Workbook

Sheet GVA Calculation
A1: DISTRICT CROP GVA CALCULATOR
A2: Officer workflow: 1) set District/Year and macro inputs below, 2) replace yellow crop/assumption cells, 3) read the green Adjusted District GVA.
A4: District | B4: XXX | D4: Year | E4: XXXXX
A6: Total Value of Output (Rs lakh) | C6: Crop GVA (Rs lakh) (Unadjusted)
A7: ='Enter Values'!G111 -> 222249.17 | C7: =A7-B15 -> 212249.17
C10: FISIM | E10: Adjusted District GVA (in INR Lakhs)
C11: =C7*B16 -> 12289.227 | E11: =C7-C11 -> 199959.94
A14: Input
A15: Total Input (in INR Lakhs) | B15: 10000
A16: FISIM ratio | B16: 0.0579 | C16: Source formula: FISIM = ratio × unadjusted GVA

Sheet Enter Values
A1: DISTRICT CROP DATA ENTRY & VALUE OF OUTPUT
A2: Input values in fields highlighted in yellow and field highlighted in blue will be autopopulated
A4: Category | B4: Crop | C4: Unit / note | D4: Area ('000 ha) | E4: Production / Out Turn | F4: Avg. Price (Rs/unit) | G4: Value of Output (Rs lakh) | H4: Estimation / entry method
A6: A. CEREALS
A7: A. CEREALS | B7: Paddy less procurement | C7: Standard: '000 output × Rs/unit ÷ 100 | D7: 38.31 | E7: 160.59 | F7: ='Ratios Applied'!$D$10 -> 15239.776 | G7: =E7*F7/100 -> 24473.557 | H7: Price = weighted average of winter/summer/autumn paddy
A8: A. CEREALS | B8: Paddy procurement | C8: Standard: '000 output × Rs/unit ÷ 100 | D8: 0 | E8: 4.879 | F8: ='Ratios Applied'!$D$10 -> 15239.776 | G8: =E8*F8/100 -> 743.54868 | H8: Price = same weighted paddy price; source structure retained
A9: A. CEREALS | B9: Wheat | C9: Standard: '000 output × Rs/unit ÷ 100 | D9: 0.148 | E9: 0.213 | F9: 30056.6 | G9: =E9*F9/100 -> 64.020558 | H9: Direct officer input for quantity and price
A10: A. CEREALS | B10: Maize | C10: Standard: '000 output × Rs/unit ÷ 100 | D10: 3.801 | E10: 15.436 | F10: 12805 | G10: =E10*F10/100 -> 1976.5798 | H10: Direct officer input for quantity and price
A11: A. CEREALS | B11: Small Millets & other Cereals | C11: Standard: '000 output × Rs/unit ÷ 100 | D11: 0.327 | E11: 0.342 | F11: =F10*'Ratios Applied'!$B$14 -> 9603.75 | G11: =E11*F11/100 -> 32.844825 | H11: Price = 75% of maize price
A12: A. CEREALS Subtotal | G12: =SUM(G7:G11) -> 27290.55
A13: B. PULSES
A14: B. PULSES | B14: Gram | C14: Standard: '000 output × Rs/unit ÷ 100 | D14: 0.08 | E14: 0.054 | F14: 49471.7 | G14: =E14*F14/100 -> 26.714718 | H14: Direct officer input for quantity and price
A15: B. PULSES | B15: Arahar (Tur) | C15: Standard: '000 output × Rs/unit ÷ 100 | D15: 0.256 | E15: 0.195 | F15: 78116.5 | G15: =E15*F15/100 -> 152.32718 | H15: Direct officer input for quantity and price
A16: B. PULSES | B16: Urid (Matikalai) | C16: Standard: '000 output × Rs/unit ÷ 100 | D16: 1.709 | E16: 1.818 | F16: 48263 | G16: =E16*F16/100 -> 877.42134 | H16: Direct officer input for quantity and price
A17: B. PULSES | B17: Moong | C17: Standard: '000 output × Rs/unit ÷ 100 | D17: 0.492 | E17: 0.275 | F17: 84203.5 | G17: =E17*F17/100 -> 231.55963 | H17: Direct officer input for quantity and price
A18: B. PULSES | B18: Masoor | C18: Standard: '000 output × Rs/unit ÷ 100 | D18: 2.507 | E18: 1.129 | F18: 84063.3 | G18: =E18*F18/100 -> 949.07466 | H18: Direct officer input for quantity and price
A19: B. PULSES | B19: Peas | C19: Standard: '000 output × Rs/unit ÷ 100 | D19: 0.35 | E19: 0.42 | F19: 40408.4 | G19: =E19*F19/100 -> 169.71528 | H19: Direct officer input for quantity and price
A20: B. PULSES | B20: Other Pulses | C20: Standard: '000 output × Rs/unit ÷ 100 | D20: 0.48 | E20: 0.269 | F20: =IF((E16+E17+E18)=0,0,((E16*F16)+(E17*F17)+(E18*F18))/(E16+E17+E18)*'Ratios Applied'!$B$15) -> 54293.832 | G20: =E20*F20/100 -> 146.05041 | H20: Price = 85% of weighted Urid/Moong/Masoor price
A21: B. PULSES Subtotal | G21: =SUM(G14:G20) -> 2552.8632
A22: C. OIL SEEDS
A23: C. OIL SEEDS | B23: Linseed | C23: Standard: '000 output × Rs/unit ÷ 100 | D23: 0.222 | E23: 0.131 | F23: 42970.5 | G23: =E23*F23/100 -> 56.291355 | H23: Direct officer input for quantity and price
A24: C. OIL SEEDS | B24: Sesamum | C24: Standard: '000 output × Rs/unit ÷ 100 | D24: 0.513 | E24: 0.255 | F24: 82193.7 | G24: =E24*F24/100 -> 209.59393 | H24: Direct officer input for quantity and price
A25: C. OIL SEEDS | B25: Groundnut | C25: Standard: '000 output × Rs/unit ÷ 100 | D25: 0 | E25: 0 | F25: 0 | G25: =E25*F25/100 -> 0 | H25: Direct officer input for quantity and price
A26: C. OIL SEEDS | B26: Rape and Mustard | C26: Standard: '000 output × Rs/unit ÷ 100 | D26: 14.162 | E26: 12.15 | F26: 46415.1 | G26: =E26*F26/100 -> 5639.4346 | H26: Direct officer input for quantity and price
A27: C. OIL SEEDS | B27: Castor | C27: Standard: '000 output × Rs/unit ÷ 100 | D27: 0.01 | E27: 0.006 | F27: 81507.8 | G27: =E27*F27/100 -> 4.890468 | H27: Direct officer input for quantity and price
A28: C. OIL SEEDS | B28: Coconut ('000' nuts) | C28: '000 nuts (source scaling retained) | D28: 0.42 | E28: 1.809 | F28: 20200 | G28: =E28*F28/100 -> 365.418 | H28: Direct officer input for quantity and price
A29: C. OIL SEEDS | B29: Nizer | C29: Standard: '000 output × Rs/unit ÷ 100 | D29: 0.274 | E29: 0.116 | F29: 44126.3 | G29: =E29*F29/100 -> 51.186508 | H29: Direct officer input for quantity and price
A30: C. OIL SEEDS | B30: Other Oilseed | C30: Standard: '000 output × Rs/unit ÷ 100 | D30: 0 | E30: 0 | F30: 0 | G30: =E30*F30/100 -> 0 | H30: Direct officer input for quantity and price
A31: C. OIL SEEDS Subtotal | G31: =SUM(G23:G30) -> 6326.8149
A32: D. SUGARCANE & GUR | C32: Total Sugarcane Production ('000 MT) | D32: 1.738
A33: D. SUGARCANE & GUR | B33: Sugarcane | C33: Standard: '000 output × Rs/unit ÷ 100 | D33: 0.039 | E33: =D32*'Ratios Applied'!$B$21+D32*'Ratios Applied'!$B$22+D32*'Ratios Applied'!$B$23+D33*'Ratios Applied'!$B$24 -> 0.1949556 | F33: 3982 | G33: =E33*F33/100 -> 7.763132 | H33: Quantity estimated from sugarcane allocation rules
A34: D. SUGARCANE & GUR | B34: Gur | C34: Standard: '000 output × Rs/unit ÷ 100 | D34: 0 | E34: =(D32-E33)*'Ratios Applied'!$B$25 -> 0.142423 | F34: 45980.2 | G34: =E34*F34/100 -> 65.486379 | H34: Gur quantity = 9.23% of residual sugarcane
A35: D. SUGARCANE & GUR Subtotal | G35: =SUM(G33:G34) -> 73.249511
A36: E. FIBRES
A37: E. FIBRES | B37: Kapas (in Bales) | C37: '000 bales × Rs/bale ÷ 100 | D37: 0 | E37: 0 | F37: =IF(E37=0,0,'Ratios Applied'!$D$39) -> 0 | G37: =E37*F37/100 -> 0 | H37: Price estimated from Rs/Qtl × bale weight (shows zero while production is zero)
A38: E. FIBRES | B38: Jute ( in Bales) | C38: '000 bales × Rs/bale ÷ 100 | D38: 1.455 | E38: 14.509 | F38: ='Ratios Applied'!$D$40 -> 4865.4 | G38: =E38*F38/100 -> 705.92089 | H38: Price = Jute Rs/Qtl × 180 kg/bale
A39: E. FIBRES | B39: Mesta (in Bales) | C39: '000 bales × Rs/bale ÷ 100 | D39: 0.112 | E39: 0.823 | F39: ='Ratios Applied'!$D$41 -> 3150 | G39: =E39*F39/100 -> 25.9245 | H39: Price = Mesta Rs/Qtl × 180 kg/bale
A40: E. FIBRES Subtotal | G40: =SUM(G37:G39) -> 731.84539
A41: F. DRUGS & NARCOTICS
A42: F. DRUGS & NARCOTICS | B42: Tea | C42: Standard: '000 output × Rs/unit ÷ 100 | D42: 0.03 | E42: 0.2564 | F42: 45328 | G42: =E42*F42/100 -> 116.22099 | H42: Direct officer input for quantity and price | I42: Tobacco steam base quantity ('000 MT) | J42: 0.007
A43: F. DRUGS & NARCOTICS | B43: Coffee | C43: Standard: '000 output × Rs/unit ÷ 100 | D43: 0.125 | E43: 0.0075 | F43: 146000 | G43: =E43*F43/100 -> 10.95 | H43: Direct officer input for quantity and price | I43: Tobacco steam base price (Rs/MT) | J43: 85841
A44: F. DRUGS & NARCOTICS | B44: Betel Leaf | C44: Source-specific quantity × price ÷ 100 | D44: 0 | E44: 673.38 | F44: 320.66 | G44: =E44*F44/100 -> 2159.2603 | H44: Direct officer input for quantity and price
A45: F. DRUGS & NARCOTICS | B45: Tobacco Leaf | C45: Standard: '000 output × Rs/unit ÷ 100 | D45: 0.009 | E45: 0.00126 | F45: 85623 | G45: =E45*F45/100 -> 1.0788498 | H45: Direct officer input for quantity and price
A46: F. DRUGS & NARCOTICS | B46: Tobacco Steam | C46: Standard: '000 output × Rs/unit ÷ 100 | D46: 0 | E46: =J42*'Ratios Applied'!$B$18 -> 0.00574 | F46: =J43*'Ratios Applied'!$B$20 -> 42920.5 | G46: =E46*F46/100 -> 2.4636367 | H46: Quantity = 82% of separate base quantity; price = 50% of base tobacco price
A47: F. DRUGS & NARCOTICS | B47: Toddy | C47: Standard: '000 output × Rs/unit ÷ 100 | D47: 0 | E47: 0 | F47: 0 | G47: =E47*F47/100 -> 0 | H47: Direct officer input for quantity and price
A48: F. DRUGS & NARCOTICS Subtotal | G48: =SUM(G42:G47) -> 2289.9738
A49: G. CONDIMENTS & SPICES
A50: G. CONDIMENTS & SPICES | B50: Dry Chillies | C50: Standard: '000 output × Rs/unit ÷ 100 | D50: 0.75 | E50: 0.783 | F50: 122875 | G50: =E50*F50/100 -> 962.11125 | H50: Direct officer input for quantity and price
A51: G. CONDIMENTS & SPICES | B51: Black Pepper | C51: Standard: '000 output × Rs/unit ÷ 100 | D51: 0.027 | E51: 0.139 | F51: 672500 | G51: =E51*F51/100 -> 934.775 | H51: Direct officer input for quantity and price
A52: G. CONDIMENTS & SPICES | B52: Ginger | C52: Standard: '000 output × Rs/unit ÷ 100 | D52: 0.585 | E52: 3.864 | F52: 51000 | G52: =E52*F52/100 -> 1970.64 | H52: Direct officer input for quantity and price
A53: G. CONDIMENTS & SPICES | B53: Dry Turmaric | C53: Standard: '000 output × Rs/unit ÷ 100 | D53: 0.784 | E53: 0.999 | F53: 115347.1 | G53: =E53*F53/100 -> 1152.3175 | H53: Direct officer input for quantity and price
A54: G. CONDIMENTS & SPICES | B54: Arecanut | C54: Standard: '000 output × Rs/unit ÷ 100 | D54: 3.165 | E54: 2.7 | F54: ='Ratios Applied'!$D$34 -> 43120 | G54: =E54*F54/100 -> 1164.24 | H54: Price derived from 22 nuts/kg and price per 100 nuts
A55: G. CONDIMENTS & SPICES | B55: Garlic | C55: Standard: '000 output × Rs/unit ÷ 100 | D55: 0.368 | E55: 3.404 | F55: 62800 | G55: =E55*F55/100 -> 2137.712 | H55: Direct officer input for quantity and price
A56: G. CONDIMENTS & SPICES | B56: Coriander | C56: Standard: '000 output × Rs/unit ÷ 100 | D56: 2.308 | E56: 2.168 | F56: 34302 | G56: =E56*F56/100 -> 743.66736 | H56: Direct officer input for quantity and price
A57: G. CONDIMENTS & SPICES | B57: Other Condiments & Spices | C57: Standard: '000 output × Rs/unit ÷ 100 | D57: 0.176 | E57: 0.206 | F57: ='Ratios Applied'!$D$50 -> 73362.705 | G57: =E57*F57/100 -> 151.12717 | H57: Price = 90% of weighted auxiliary condiment basket
A58: G. CONDIMENTS & SPICES Subtotal | G58: =SUM(G50:G57) -> 9216.5903
A59: H. FRUITS & VEGETABLES
A60: H. FRUITS & VEGETABLES | B60: Banana | C60: Standard: '000 output × Rs/unit ÷ 100 | D60: 2.964 | E60: 42.558 | F60: ='Ratios Applied'!$D$35 -> 29000 | G60: =E60*F60/100 -> 12341.82 | H60: Price derived from 10 bananas/kg and price per 100
A61: H. FRUITS & VEGETABLES | B61: Mango | C61: Standard: '000 output × Rs/unit ÷ 100 | D61: 0.061 | E61: 0.645 | F61: 42852 | G61: =E61*F61/100 -> 276.3954 | H61: Direct officer input for quantity and price
A62: H. FRUITS & VEGETABLES | B62: Cashewnut | C62: Standard: '000 output × Rs/unit ÷ 100 | D62: 0.225 | E62: 0.277 | F62: 799500 | G62: =E62*F62/100 -> 2214.615 | H62: Direct officer input for quantity and price
A63: H. FRUITS & VEGETABLES | B63: Aonla | C63: Standard: '000 output × Rs/unit ÷ 100 | D63: 0.012 | E63: 0.261 | F63: 26280 | G63: =E63*F63/100 -> 68.5908 | H63: Direct officer input for quantity and price
A64: H. FRUITS & VEGETABLES | B64: Papaya | C64: Standard: '000 output × Rs/unit ÷ 100 | D64: 0.257 | E64: 5.418 | F64: 15801 | G64: =E64*F64/100 -> 856.09818 | H64: Direct officer input for quantity and price
A65: H. FRUITS & VEGETABLES | B65: Assam Lemon | C65: Standard: '000 output × Rs/unit ÷ 100 | D65: 0.184 | E65: 1.946 | F65: ='Ratios Applied'!$D$33 -> 53600 | G65: =E65*F65/100 -> 1043.056 | H65: Price derived from 10.72 fruits/kg and price per 100
A66: H. FRUITS & VEGETABLES | B66: Orange | C66: Standard: '000 output × Rs/unit ÷ 100 | D66: 0.537 | E66: 3.351 | F66: ='Ratios Applied'!$D$32 -> 75040 | G66: =E66*F66/100 -> 2514.5904 | H66: Price derived from 10.72 fruits/kg and price per 100
A67: H. FRUITS & VEGETABLES | B67: Litchi | C67: Standard: '000 output × Rs/unit ÷ 100 | D67: 0.057 | E67: 0.615 | F67: 40752 | G67: =E67*F67/100 -> 250.6248 | H67: Direct officer input for quantity and price
A68: H. FRUITS & VEGETABLES | B68: Pine Apple | C68: Standard: '000 output × Rs/unit ÷ 100 | D68: 0.777 | E68: 16.019 | F68: ='Ratios Applied'!$D$31 -> 27040 | G68: =E68*F68/100 -> 4331.5376 | H68: Price derived from 1.30 fruits/kg and price per 100
A69: H. FRUITS & VEGETABLES | B69: Guava | C69: Standard: '000 output × Rs/unit ÷ 100 | D69: 0.085 | E69: 1.814 | F69: 30751.5 | G69: =E69*F69/100 -> 557.83221 | H69: Direct officer input for quantity and price
A70: H. FRUITS & VEGETABLES | B70: Watermelon | C70: Standard: '000 output × Rs/unit ÷ 100 | D70: 0 | E70: 0 | F70: 0 | G70: =E70*F70/100 -> 0 | H70: Direct officer input for quantity and price
A71: H. FRUITS & VEGETABLES | B71: Jack Fruits | C71: Standard: '000 output × Rs/unit ÷ 100 | D71: 0.232 | E71: 2.962 | F71: 15302 | G71: =E71*F71/100 -> 453.24524 | H71: Direct officer input for quantity and price
A72: H. FRUITS & VEGETABLES | B72: Potato | C72: Standard: '000 output × Rs/unit ÷ 100 | D72: 3.736 | E72: 45.49 | F72: 20753.7 | G72: =E72*F72/100 -> 9440.8581 | H72: Direct officer input for quantity and price
A73: H. FRUITS & VEGETABLES | B73: Sweet Potato | C73: Standard: '000 output × Rs/unit ÷ 100 | D73: 0.15 | E73: 0.714 | F73: 13652 | G73: =E73*F73/100 -> 97.47528 | H73: Direct officer input for quantity and price
A74: H. FRUITS & VEGETABLES | B74: Tapioca | C74: Standard: '000 output × Rs/unit ÷ 100 | D74: 0.305 | E74: 2.552 | F74: =F72*'Ratios Applied'!$B$17 -> 8168.6563 | G74: =E74*F74/100 -> 208.46411 | H74: Price = 39.36% of potato price
A75: H. FRUITS & VEGETABLES | B75: Onion | C75: Standard: '000 output × Rs/unit ÷ 100 | D75: 0.328 | E75: 2.25 | F75: 31202 | G75: =E75*F75/100 -> 702.045 | H75: Direct officer input for quantity and price
A76: H. FRUITS & VEGETABLES | B76: Brinjal | C76: Standard: '000 output × Rs/unit ÷ 100 | D76: 0.901 | E76: 16.77 | F76: 28000 | G76: =E76*F76/100 -> 4695.6 | H76: Direct officer input for quantity and price
A77: H. FRUITS & VEGETABLES | B77: Cabbage | C77: Standard: '000 output × Rs/unit ÷ 100 | D77: 0.586 | E77: 9.734 | F77: 20301 | G77: =E77*F77/100 -> 1976.0993 | H77: Direct officer input for quantity and price
A78: H. FRUITS & VEGETABLES | B78: Cauliflower | C78: Standard: '000 output × Rs/unit ÷ 100 | D78: 0.852 | E78: 10.894 | F78: 20801 | G78: =E78*F78/100 -> 2266.0609 | H78: Direct officer input for quantity and price
A79: H. FRUITS & VEGETABLES | B79: Okra | C79: Standard: '000 output × Rs/unit ÷ 100 | D79: 0.262 | E79: 5.475 | F79: 27201 | G79: =E79*F79/100 -> 1489.2547 | H79: Direct officer input for quantity and price
A80: H. FRUITS & VEGETABLES | B80: Tomato | C80: Standard: '000 output × Rs/unit ÷ 100 | D80: 0.683 | E80: 10.078 | F80: 21502 | G80: =E80*F80/100 -> 2166.9716 | H80: Direct officer input for quantity and price
A81: H. FRUITS & VEGETABLES | B81: Bittergourd | C81: Standard: '000 output × Rs/unit ÷ 100 | D81: 0.271 | E81: 1.541 | F81: 30850 | G81: =E81*F81/100 -> 475.3985 | H81: Direct officer input for quantity and price
A82: H. FRUITS & VEGETABLES | B82: Carrot | C82: Standard: '000 output × Rs/unit ÷ 100 | D82: 0.236 | E82: 4.083 | F82: 30000 | G82: =E82*F82/100 -> 1224.9 | H82: Direct officer input for quantity and price
A83: H. FRUITS & VEGETABLES | B83: Cucumber | C83: Standard: '000 output × Rs/unit ÷ 100 | D83: 0.171 | E83: 2.214 | F83: 23201 | G83: =E83*F83/100 -> 513.67014 | H83: Direct officer input for quantity and price
A84: H. FRUITS & VEGETABLES | B84: Radish | C84: Standard: '000 output × Rs/unit ÷ 100 | D84: 0.652 | E84: 8.109 | F84: 18405 | G84: =E84*F84/100 -> 1492.4614 | H84: Direct officer input for quantity and price
A85: H. FRUITS & VEGETABLES | B85: Beans | C85: Standard: '000 output × Rs/unit ÷ 100 | D85: 0.029 | E85: 0.486 | F85: 27552 | G85: =E85*F85/100 -> 133.90272 | H85: Direct officer input for quantity and price
A86: H. FRUITS & VEGETABLES | B86: Bottleguard | C86: Standard: '000 output × Rs/unit ÷ 100 | D86: 0.106 | E86: 2.207 | F86: 18900 | G86: =E86*F86/100 -> 417.123 | H86: Direct officer input for quantity and price
... A90: H. FRUITS & VEGETABLES | B90: Other Vegetables | C90: Standard: '000 output × Rs/unit ÷ 100 | D90: 0 | E90: 0 | F90: 0 | G90: =E90*F90/100 -> 0 | H90: Direct officer input for quantity and price
A91: H. FRUITS & VEGETABLES | B91: Other Fruits | C91: Standard: '000 output × Rs/unit ÷ 100 | D91: 0.125 | E91: 1.438 | F91: ='Ratios Applied'!$D$67 -> 32883.073 | G91: =E91*F91/100 -> 472.85859 | H91: Price = weighted average of selected fruit basket
A92: H. FRUITS & VEGETABLES Subtotal | G92: =SUM(G60:G91) -> 53127.47
A93: I. OTHER MISC. CROPS
A94: I. OTHER MISC. CROPS | B94: Rubber | C94: Standard: '000 output × Rs/unit ÷ 100 | D94: 1.93352 | E94: 2.301 | F94: 146000 | G94: =E94*F94/100 -> 3359.46 | H94: Direct officer input for quantity and price
A95: I. OTHER MISC. CROPS | B95: Fodder | C95: Standard: '000 output × Rs/unit ÷ 100 | D95: 0 | E95: 0 | F95: 0 | G95: =E95*F95/100 -> 0 | H95: Direct officer input for quantity and price
A96: I. OTHER MISC. CROPS | B96: Grass | C96: Standard: '000 output × Rs/unit ÷ 100 | D96: ='Ratios Applied'!$D$78 -> 83.737 | E96: ='Ratios Applied'!$D$79 -> 50.962338 | F96: 3605.53 | G96: =E96*F96/100 -> 1837.4624 | H96: Area built from land-use components; production = area × grass yield
A97: I. OTHER MISC. CROPS | B97: Misc. Food Crops | C97: Standard: '000 output × Rs/unit ÷ 100 | D97: 0.2 | E97: 0 | F97: 2095.84 | G97: =E97*F97/100 -> 0 | H97: Direct officer input for quantity and price
A98: I. OTHER MISC. CROPS | B98: Misc. Non-Food Crops | C98: Standard: '000 output × Rs/unit ÷ 100 | D98: 0.45 | E98: 0 | F98: 3618 | G98: =E98*F98/100 -> 0 | H98: Direct officer input for quantity and price
A99: I. OTHER MISC. CROPS Subtotal | G99: =SUM(G94:G98) -> 5196.9224
A100: J. BY-PRODUCTS | D100: Area under Cotton | E100: Value Per Hecatre
A101: J. BY-PRODUCTS | B101: Cotton | C101: Standard: Area* Value Per Hectare | D101: =D37 -> 0 | E101: ='Ratios Applied'!B28 -> 5000 | F101: Don’t Enter Any Value | G101: =D101*H101 -> 0
A102: J. BY-PRODUCTS Subtotal | G102: =SUM(G101:G101) -> 0
A103: K. KITCHEN GARDEN
A104: K. KITCHEN GARDEN | B104: Kitchen Garden (Back yard) | C104: Standard: '000 output × Rs/unit ÷ 100 | D104: ='Ratios Applied'!D81/1000 -> 5.717313 | E104: Don’t Enter Any Value | F104: =D104*G92/SUM(D60:D91) -> 19991.205 | G104: =D104*F104 -> 114295.98 | H104: Area under Kitchen garden is ratio of total sown area. While to get value of output area in hectare is multiplied by value of output per hectare of fruits and vegetables
A105: K. KITCHEN GARDEN Subtotal | G105: =SUM(G104:G104) -> 114295.98
...

Sheet Ratios Applied
A1: ESTIMATION ASSUMPTIONS & RATIOS
A2: Enter values in cells highlighted in yellow
A4: Paddy weighted price calculation
A5: Season | B5: Area ('000 ha) | C5: Production ('000 MT) | D5: Price (Rs/MT) | E5: Value (Rs lakh) | F5: Rice→Paddy factor (reference)
A6: Winter | B6: 36.193 | C6: 151.471 | D6: 15366 | E6: =C6*D6/100 -> 23275.034 | F6: 1.54
A7: Summer | B7: 1.219 | C7: 5.864 | D7: 13502 | E7: =C7*D7/100 -> 791.75728 | F7: 1.6
A8: Autumn | B8: 0.898 | C8: 3.259 | D8: 12500 | E8: =C8*D8/100 -> 407.375 | F8: 1.72
A10: Weighted average paddy price (Rs/MT) | D10: =IF(SUM(C6:C8)=0,0,SUM(E6:E8)/SUM(C6:C8)*100) -> 15239.776
A12: Core estimation ratios and quantities
A13: Rule / input | B13: Editable value | C13: Unit / meaning
A14: Small millets price as % of maize price | B14: 0.75 | C14: ratio
A15: Other pulses price as % of weighted pulse price | B15: 0.85 | C15: ratio
A16: Other condiments price as % of weighted basket | B16: 0.9 | C16: ratio
A17: Tapioca price as % of potato price | B17: 0.3936 | C17: ratio
A18: Tobacco steam production ratio | B18: 0.82 | C18: ratio
A19: Tobacco steam base quantity | B19: 0.007 | C19: '000 MT
A20: Tobacco steam price factor | B20: 0.5 | C20: ratio
A21: Sugarcane used for chewing | B21: 0.01 | C21: share of total
A22: Sugarcane used by mills | B22: 0 | C22: share of total
A23: Sugarcane used for khandchari etc. | B23: 0.0362 | C23: share of total
A24: Sugarcane seed requirement | B24: 2.94 | C24: tonnes per hectare
A25: Gur extraction from residual cane | B25: 0.0923 | C25: share of residual
... A28: Value Per Hectare of Cotton Byproduct | B28: 5000 | C28: INR
A29: Unit-count based price conversions
A30: Item | B30: Nos. per kg | C30: Price per 100 nos. (Rs) | D30: Derived price per MT (Rs)
A31: Pine Apple | B31: 1.3 | C31: 2080 | D31: =B31*1000*C31/100 -> 27040
A32: Orange | B32: 10.72 | C32: 700 | D32: =B32*1000*C32/100 -> 75040
A33: Assam Lemon | B33: 10.72 | C33: 500 | D33: =B33*1000*C33/100 -> 53600
A34: Arecanut | B34: 22 | C34: 196 | D34: =B34*1000*C34/100 -> 43120
A35: Banana | B35: 10 | C35: 290 | D35: =B35*1000*C35/100 -> 29000
A37: Fibre bale price conversions
A38: Item | B38: Price (Rs/Qtl) | C38: Bale weight (kg) | D38: Derived Rs/bale
A39: Kapas | B39: 5132.23 | C39: 170 | D39: =B39/100*C39 -> 8724.791
A40: Jute | B40: 2703 | C40: 180 | D40: =B40/100*C40 -> 4865.4
A41: Mesta | B41: 1750 | C41: 180 | D41: =B41/100*C41 -> 3150
A43: Other condiments & spices weighted-price basket
A44: Item | B44: Production ('000 MT) | C44: Price (Rs/MT) | D44: Production × Price
A45: Dry Chillies | B45: 0.601 | C45: 122875 | D45: =B45*C45 -> 73847.875
A46: Black Pepper | B46: 0.137 | C46: 672500 | D46: =B46*C46 -> 92132.5
A47: Ginger | B47: 3.468 | C47: 51000 | D47: =B47*C47 -> 176868
A49: Weighted basket price (Rs/MT) | D49: =IF(SUM(B45:B47)=0,0,SUM(D45:D47)/SUM(B45:B47)) -> 81514.117
A50: Other condiments estimated price (Rs/MT) | D50: =D49*$B$16 -> 73362.705
A52: Other fruits weighted-price basket
A53: Item | B53: Production ('000 MT) | C53: Price (Rs/MT) | D53: Production × Price
A54: Banana | B54: ='Enter Values'!E60 -> 42.558 | C54: ='Enter Values'!F60 -> 29000 | D54: =B54*C54 -> 1234182
A55: Mango | B55: ='Enter Values'!E61 -> 0.645 | C55: ='Enter Values'!F61 -> 42852 | D55: =B55*C55 -> 27639.54
A56: Cashewnut | B56: ='Enter Values'!E62 -> 0.277 | C56: ='Enter Values'!F62 -> 799500 | D56: =B56*C56 -> 221461.5
A57: Aonla | B57: ='Enter Values'!E63 -> 0.261 | C57: ='Enter Values'!F63 -> 26280 | D57: =B57*C57 -> 6859.08
A58: Papaya | B58: ='Enter Values'!E64 -> 5.418 | C58: ='Enter Values'!F64 -> 15801 | D58: =B58*C58 -> 85609.818
A59: Assam Lemon | B59: ='Enter Values'!E65 -> 1.946 | C59: ='Enter Values'!F65 -> 53600 | D59: =B59*C59 -> 104305.6
A60: Orange | B60: ='Enter Values'!E66 -> 3.351 | C60: ='Enter Values'!F66 -> 75040 | D60: =B60*C60 -> 251459.04
A61: Litchi | B61: ='Enter Values'!E67 -> 0.615 | C61: ='Enter Values'!F67 -> 40752 | D61: =B61*C61 -> 25062.48
A62: Pine Apple | B62: ='Enter Values'!E68 -> 16.019 | C62: ='Enter Values'!F68 -> 27040 | D62: =B62*C62 -> 433153.76
A63: Watermelon | B63: ='Enter Values'!E70 -> 0 | C63: ='Enter Values'!F70 -> 0 | D63: =B63*C63 -> 0
A64: Muskmelon | B64: 0 | C64: 0 | D64: =B64*C64 -> 0
A65: Jack Fruits | B65: ='Enter Values'!E71 -> 2.962 | C65: ='Enter Values'!F71 -> 15302 | D65: =B65*C65 -> 45324.524
A67: Other fruits weighted price (Rs/MT) | D67: =IF(SUM(B54:B65)=0,0,SUM(D54:D65)/SUM(B54:B65)) -> 32883.073
A69: Grass area and production estimation
A70: Land-use component | B70: Base area (ha) | C70: Multiplier | D70: Effective area (ha)
A71: Permanent pastures | B71: 2103 | C71: 4 | D71: =B71*C71 -> 8412
A72: Land under miscellaneous trees/groves | B72: 4060 | C72: 1 | D72: =B72*C72 -> 4060
A73: Culturable waste land | B73: 3450 | C73: 2 | D73: =B73*C73 -> 6900
A74: Fallow land | B74: 2044 | C74: 2 | D74: =B74*C74 -> 4088
A75: Net area shown / other component | B75: 60277 | C75: 1 | D75: =B75*C75 -> 60277
A77: Total effective grass area (ha) | D77: =SUM(D71:D75) -> 83737
A78: Grass area ('000 ha) | D78: =D77/1000 -> 83.737
A79: Grass production ('000 MT) | D79: =D78*$B$26 -> 50.962338
B80: Net Sown Area | C80: Ratio Applied
A81: Kitchen garden area from net area shown | B81: 2722530 | C81: 0.0021 | D81: =B81*C81 -> 5717.313
